{
    "timestamp": "2025-10-28 11:36:42",
    "student_id": "GENERALTRIAS-2025-3-7VK8NM",
    "document_type": "certificate_of_indigency",
    "ocr_confidence": 81.35,
    "verification_score": 81.35,
    "verification_status": "passed",
    "word_count": 119,
    "ocr_text_preview": ": a Republic of the Philippines . : hy SS CN Province of Cavite ; Ye City of General Trias : Calcd i Barangay Biclatan 3 \u00a9 a0 % Office of the Punong Barangay : \u2018 ree Contact No.: (046) 509-16-44 CERTIFICATE OF INDIGENCY TO WHOM IT MAY CONCERN: This is to certify that Rojen P. Soliman \u00bb19__ years old belongs to indigent family of Barangay Biclatan, City of General Trias, Cavite. This certification is issued upon the request of the above mentioned name for whatever | legal purpose it may serve"
}