{
    "timestamp": "2025-10-28 11:36:20",
    "student_id": "GENERALTRIAS-2025-3-7VK8NM",
    "document_type": "eaf",
    "ocr_confidence": 88.78,
    "verification_score": 88.78,
    "verification_status": "passed",
    "word_count": 252,
    "ocr_text_preview": "4 \u2014 Lyceum of the Philippines University Cavite Entry: 2022-2023 XN dd 2024-2025 Special Term Ww BG ENROLLMENT ASSESSMENT FORM STUDENT ID 2022-2-00447 PROGRAM: IT STUDENT NAME: SOLIMAN, ROJEN PINEDA COLLEGE \u2014:_ College of Information and Computer Science YEAR LEVEL ; Third Year, Special Term CLASS SCHEDULE: CPTNOIC Capstone Project 1 TT 301 MON | 02:00 PM-05:00 PM | C609, MON | 07:00 AM- 3.00 10:00 AM | C-609, MON | 10:30 AM-01:30 PM | C-609 TTENLIC Information Assurance and Security 2. [IT "
}