{
    "timestamp": "2025-10-28 11:36:27",
    "student_id": "GENERALTRIAS-2025-3-7VK8NM",
    "document_type": "letter_to_mayor",
    "ocr_confidence": 44.05,
    "verification_score": 44.05,
    "verification_status": "failed",
    "word_count": 322,
    "ocr_text_preview": "| SS ee g Z g 883 5 cae qs ERS =| aso g ER go. 3 3.8 83 eS gag = 8 | na ges ae 8 ai 80 one a] se as 8\u00b0 ao 65 oo SSERS gag & & Ay 0 Od = ae y BOopes gon = i} SHES SE #\u00b0o A Zoe Boe 8a 3 4 ie o 9 6 2s 8 4 \u00a9 ae) 3.4 amg g 2 #3558 825 bs ae 8 sa mm BP 280 ej a] ; Sy Ss gH? Bud Pe Sega 38.8 a ges ee 828 8 De a = a, ~ 2\u00b0E 9 ar) =} \u2018a = ay So9SoRo goa zs a > gar 3 9 3 2 = 20% Cas 25 3 2 Soe Ko Hd oe 2 a ae & fesse G2 go 3 85 $5026 is 5 ie 3 She 23295 \u00a3258 33 Ay < oom FeECE Spay \u00a39 g a > = Zuo a "
}