{
    "timestamp": "2025-10-28T11:36:52+01:00",
    "student_id": "GENERALTRIAS-2025-3-7VK8NM",
    "document_type": "academic_grades",
    "ocr_confidence": 0,
    "verification_score": 0,
    "verification_status": "manual_review",
    "summary": {
        "total_subjects": 0,
        "average_grade": null,
        "grade_scale": null,
        "semester": null,
        "school_year": null,
        "year_level": null,
        "passing_status": "manual_review"
    },
    "extracted_subjects": [],
    "ocr_text_preview": "",
    "processing_notes": []
}